# Date or Category | Headline
2026 Milestone|Roadmap for an atomistic machine-learning ecosystem published on arXiv (2609.39090).
2026 Release|Goldilocks automated k-point sampling framework for Quantum ESPRESSO published in <em>Digital Discovery</em>.
2026 Discovery|uMOF universal benchmark database and ML interatomic potentials released for metal-organic frameworks.
Software Ecosystem|aiida-mlip released, integrating janus-core workflows with full data provenance in AiiDA.
2025 Workshop|DDMMS team organized CCP5 workshop on Advanced Molecular Dynamics & Machine Learning.
2025 Grant|UKRI PSDI funding awarded for High-Throughput Materials Simulation and Data Workflows.
2025 Software|Initial release of janus-core providing unified MLIP integration with ASE.
2024 Launch|Establishment of the Data Driven Materials and Molecular Science group at STFC Daresbury Laboratory.

